iter	Logloss
0	0.2731431958
1	0.1253541216
2	0.08589115549
3	0.06159185237
4	0.04113584633
5	0.03026600834
6	0.0231144035
7	0.01965913556
8	0.01636070892
9	0.01434709279
